{"cameraMode":{"drawMode":0,"name":"Shaded","section":"Shading Mode"},"sceneLighting":false,"audioPlay":false,"sceneViewState":{"m_AlwaysRefresh":false,"showFog":true,"showSkybox":false,"showFlares":true,"showImageEffects":true,"showParticleSystems":true,"showVisualEffectGraphs":true,"m_FxEnabled":true},"in2DMode":false,"pivot":{"x":-1.1920928955078126e-7,"y":13.000001907348633,"z":5.960464477539063e-8},"rotation":{"x":0.003145332681015134,"y":0.9993710517883301,"z":-0.04171692579984665,"w":-0.027066102251410486},"size":3.3494904041290285,"orthographic":false}