{"cameraMode":{"drawMode":0,"name":"Shaded","section":"Shading Mode"},"sceneLighting":true,"audioPlay":false,"sceneViewState":{"m_AlwaysRefresh":false,"showFog":true,"showSkybox":true,"showFlares":true,"showImageEffects":true,"showParticleSystems":true,"showVisualEffectGraphs":true,"m_FxEnabled":true},"in2DMode":false,"pivot":{"x":122.14994812011719,"y":-4.530139923095703,"z":49.890140533447269},"rotation":{"x":-0.0030411062762141229,"y":-0.7235941886901856,"z":-0.008292180486023426,"w":-0.6911472082138062},"size":40.908451080322269,"orthographic":false}