{"cameraMode":{"drawMode":0,"name":"Shaded","section":"Shading Mode"},"sceneLighting":true,"audioPlay":false,"sceneViewState":{"m_AlwaysRefresh":false,"showFog":true,"showSkybox":true,"showFlares":true,"showImageEffects":true,"showParticleSystems":true,"showVisualEffectGraphs":true,"m_FxEnabled":true},"in2DMode":false,"pivot":{"x":190.71945190429688,"y":-47.33769989013672,"z":190.9884033203125},"rotation":{"x":0.27972671389579775,"y":-0.027875078842043878,"z":0.015382968820631504,"w":0.9603614211082459},"size":128.16004943847657,"orthographic":false}