{"cameraMode":{"drawMode":0,"name":"Shaded","section":"Shading Mode"},"sceneLighting":true,"audioPlay":false,"sceneViewState":{"m_AlwaysRefresh":false,"showFog":true,"showSkybox":true,"showFlares":true,"showImageEffects":true,"showParticleSystems":true,"showVisualEffectGraphs":true,"m_FxEnabled":true},"in2DMode":false,"pivot":{"x":365.13531494140627,"y":90.81705474853516,"z":-106.28166961669922},"rotation":{"x":0.2144497036933899,"y":-0.32907235622406008,"z":0.07833468168973923,"w":0.9168806672096252},"size":10.91064739227295,"orthographic":false}