{"cameraMode":{"drawMode":0,"name":"Shaded","section":"Shading Mode"},"sceneLighting":true,"audioPlay":false,"sceneViewState":{"m_AlwaysRefresh":false,"showFog":true,"showSkybox":true,"showFlares":true,"showImageEffects":true,"showParticleSystems":true,"showVisualEffectGraphs":true,"m_FxEnabled":true},"in2DMode":false,"pivot":{"x":246.44253540039063,"y":35.70738220214844,"z":-57.11860656738281},"rotation":{"x":0.11440691351890564,"y":0.14526480436325074,"z":-0.015305664390325547,"w":0.9831918478012085},"size":70.10961151123047,"orthographic":false}