{"cameraMode":{"drawMode":0,"name":"Shaded","section":"Shading Mode"},"sceneLighting":true,"audioPlay":false,"sceneViewState":{"m_AlwaysRefresh":false,"showFog":true,"showSkybox":true,"showFlares":true,"showImageEffects":true,"showParticleSystems":true,"showVisualEffectGraphs":true,"m_FxEnabled":true},"in2DMode":false,"pivot":{"x":268.1889343261719,"y":-27.391769409179689,"z":-239.68966674804688},"rotation":{"x":0.006668728310614824,"y":0.9836266040802002,"z":-0.17625732719898225,"w":0.03719940409064293},"size":227.8887481689453,"orthographic":false}