{"cameraMode":{"drawMode":0,"name":"Shaded","section":"Shading Mode"},"sceneLighting":true,"audioPlay":false,"sceneViewState":{"m_AlwaysRefresh":false,"showFog":true,"showSkybox":true,"showFlares":true,"showImageEffects":true,"showParticleSystems":true,"showVisualEffectGraphs":true,"m_FxEnabled":true},"in2DMode":false,"pivot":{"x":181.4559783935547,"y":15.108505249023438,"z":31.841873168945314},"rotation":{"x":0.062385108321905139,"y":-0.8520262241363525,"z":0.5093408226966858,"w":0.10424593091011048},"size":48.129940032958987,"orthographic":false}