{"cameraMode":{"drawMode":0,"name":"Shaded","section":"Shading Mode"},"sceneLighting":true,"audioPlay":false,"sceneViewState":{"m_AlwaysRefresh":false,"showFog":true,"showSkybox":true,"showFlares":true,"showImageEffects":true,"showParticleSystems":true,"showVisualEffectGraphs":true,"m_FxEnabled":true},"in2DMode":false,"pivot":{"x":181.20681762695313,"y":72.10455322265625,"z":-89.71821594238281},"rotation":{"x":0.05929925665259361,"y":0.00765728484839201,"z":-0.001908975071273744,"w":-0.9986859560012817},"size":21.762468338012697,"orthographic":false}