{"cameraMode":{"drawMode":0,"name":"Shaded","section":"Shading Mode"},"sceneLighting":false,"audioPlay":false,"sceneViewState":{"m_AlwaysRefresh":false,"showFog":true,"showSkybox":false,"showFlares":true,"showImageEffects":true,"showParticleSystems":true,"showVisualEffectGraphs":true,"m_FxEnabled":true},"in2DMode":false,"pivot":{"x":-0.0000011920928955078126,"y":13.000001907348633,"z":5.960464477539063e-8},"rotation":{"x":0.2248346358537674,"y":-0.02049677073955536,"z":0.00464990921318531,"w":0.9742407202720642},"size":5.196153163909912,"orthographic":false}