{"cameraMode":{"drawMode":0,"name":"Shaded","section":"Shading Mode"},"sceneLighting":false,"audioPlay":false,"sceneViewState":{"m_AlwaysRefresh":false,"showFog":true,"showSkybox":false,"showFlares":true,"showImageEffects":true,"showParticleSystems":true,"showVisualEffectGraphs":true,"m_FxEnabled":true},"in2DMode":false,"pivot":{"x":0.059004656970500949,"y":0.4417392313480377,"z":-0.06310871988534928},"rotation":{"x":-0.015844019129872323,"y":-0.940201461315155,"z":0.03650640323758125,"w":-0.3397018313407898},"size":0.08660244941711426,"orthographic":false}