{"cameraMode":{"drawMode":0,"name":"Shaded","section":"Shading Mode"},"sceneLighting":false,"audioPlay":false,"sceneViewState":{"m_AlwaysRefresh":false,"showFog":true,"showSkybox":false,"showFlares":true,"showImageEffects":true,"showParticleSystems":true,"showVisualEffectGraphs":true,"m_FxEnabled":true},"in2DMode":false,"pivot":{"x":-1.0679583549499512,"y":12.332898139953614,"z":6.604214668273926},"rotation":{"x":0.16270889341831208,"y":0.06651678681373596,"z":-0.011094587855041027,"w":0.9844378232955933},"size":7.255062103271484,"orthographic":false}