{"cameraMode":{"drawMode":0,"name":"Shaded","section":"Shading Mode"},"sceneLighting":false,"audioPlay":false,"sceneViewState":{"m_AlwaysRefresh":false,"showFog":true,"showSkybox":false,"showFlares":true,"showImageEffects":true,"showParticleSystems":true,"showVisualEffectGraphs":true,"m_FxEnabled":true},"in2DMode":false,"pivot":{"x":0.8999683856964111,"y":11.070371627807618,"z":-3.0351579189300539},"rotation":{"x":0.23465920984745027,"y":-0.6145803332328796,"z":0.19837690889835359,"w":0.7266424894332886},"size":5.142642021179199,"orthographic":false}