{"cameraMode":{"drawMode":0,"name":"Shaded","section":"Shading Mode"},"sceneLighting":false,"audioPlay":false,"sceneViewState":{"m_AlwaysRefresh":false,"showFog":true,"showSkybox":false,"showFlares":true,"showImageEffects":true,"showParticleSystems":true,"showVisualEffectGraphs":true,"m_FxEnabled":true},"in2DMode":false,"pivot":{"x":1.0033814907073975,"y":12.375763893127442,"z":-1.958207368850708},"rotation":{"x":0.33848947286605837,"y":0.009842751547694207,"z":-0.0036079748533666136,"w":0.9409849643707275},"size":10.242645263671875,"orthographic":false}