{"cameraMode":{"drawMode":0,"name":"Shaded","section":"Shading Mode"},"sceneLighting":false,"audioPlay":false,"sceneViewState":{"m_AlwaysRefresh":false,"showFog":true,"showSkybox":false,"showFlares":true,"showImageEffects":true,"showParticleSystems":true,"showVisualEffectGraphs":true,"m_FxEnabled":true},"in2DMode":false,"pivot":{"x":2.384185791015625e-7,"y":13.000001907348633,"z":5.960464477539063e-8},"rotation":{"x":0.09712337702512741,"y":0.016080250963568689,"z":0.0003915943088941276,"w":0.9956499338150024},"size":4.153311729431152,"orthographic":false}