{"cameraMode":{"drawMode":0,"name":"Shaded","section":"Shading Mode"},"sceneLighting":false,"audioPlay":false,"sceneViewState":{"m_AlwaysRefresh":false,"showFog":true,"showSkybox":false,"showFlares":true,"showImageEffects":true,"showParticleSystems":true,"showVisualEffectGraphs":true,"m_FxEnabled":true},"in2DMode":false,"pivot":{"x":-0.0000016689300537109376,"y":13.000001907348633,"z":5.960464477539063e-8},"rotation":{"x":-0.07719123363494873,"y":0.861627995967865,"z":-0.48230957984924319,"w":-0.137899249792099},"size":12.423151016235352,"orthographic":false}